id,name,url,country_code,language,category,is_active,http_status,status,final_url,sample
6880b819-afe3-483c-a0cc-bcad0cb5350a,10TV Telugu,https://www.10tv.in/feed/,IN,te,World,True,200,ok,https://10tv.in/feed,"<?xml version=""1.0"" encoding=""utf-8""?><rss version=""2.0"" xmlns:content=""http://purl.org/rss/1.0/modules/content/"" xmlns:wfw=""http://wellfo"
9591351e-1990-4e6c-b22a-7b3936501374,24 News Malayalam,https://www.twentyfournews.com/feed/,IN,ml,Politics,True,200,ok,https://www.twentyfournews.com/feed,"<?xml version=""1.0"" encoding=""utf-8""?><rss version=""2.0"" xmlns:content=""http://purl.org/rss/1.0/modules/content/"" xmlns:wfw=""http://wellfo"
cf31bae0-1c37-4a10-8187-cabef393905b,ABC Australia Top,https://www.abc.net.au/news/feed/51120/rss.xml,AU,en,World,True,200,ok,https://www.abc.net.au/news/feed/51120/rss.xml,"<?xml version=""1.0"" encoding=""utf-8""?> <rss version=""2.0"" xmlns:atom=""http://www.w3.org/2005/atom"" xmlns:dc=""http://purl.org/dc/elements/1."
d9c3e4a5-1aad-4377-b153-f50bfc97a145,ABC Top,https://abcnews.go.com/abcnews/topstories,US,en,World,True,200,ok,https://abcnews.com/abcnews/topstories,"<rss version=""2.0"" xmlns:media=""http://search.yahoo.com/mrss/"" xmlns:abcnews=""http://abcnews.com/content/""> <channel> "
39690984-79e6-4f9d-8385-36b353b0b90c,ABN Telugu,https://www.andhrajyothy.com/feed/,IN,te,Politics,True,404,invalid_content,https://www.andhrajyothy.com/feed/,"<!doctype html> <html lang=""en""> <head> <meta charset=""utf-8""> <meta http-equiv=""cache-control"" content=""no-cache, no-store, must-r"
0659830a-ae52-4823-9349-f19789aa4c96,ABP Ananda Bengali,https://bengali.abplive.com/feed/,IN,bn,World,True,404,invalid_content,https://bengali.abplive.com/feed,"<!doctype html> <html lang=""en""> <head> <meta charset=""utf-8""> <meta name=""viewport"" content=""width=device-width, initia"
f016f6dd-6dab-4762-9cbb-47fd493d2cf1,ABP Asmita Gujarati,https://gujarati.abplive.com/feed/,IN,gu,Politics,True,404,invalid_content,https://gujarati.abplive.com/feed,"<!doctype html> <html lang=""en""> <head> <meta charset=""utf-8""> <meta name=""viewport"" content=""width=device-width, initia"
d167358f-54df-4b5d-a66b-d3738e0333c5,ABP Majha Marathi,https://marathi.abplive.com/feed/,IN,mr,Politics,True,404,invalid_content,https://marathi.abplive.com/feed,"<!doctype html> <html lang=""en""> <head> <meta charset=""utf-8""> <meta name=""viewport"" content=""width=device-width, initia"
fd7c1072-1e3e-4604-a959-2092441bc818,ABP Sanjha Punjabi,https://punjabi.abplive.com/feed/,IN,pa,World,True,404,invalid_content,https://punjabi.abplive.com/feed,"<!doctype html> <html lang=""en""> <head> <meta charset=""utf-8""> <meta name=""viewport"" content=""width=device-width, initia"
d7422680-7fad-4d98-84c2-5a6310d259d5,Ahmedabad TOI,https://timesofindia.indiatimes.com/rssfeeds/52673929.cms,IN,en,Local,True,200,ok,https://timesofindia.indiatimes.com/rssfeeds/52673929.cms,"<?xml version=""1.0"" encoding=""utf-8""?><rss xmlns:atom=""http://www.w3.org/2005/atom"" version=""2.0""><channel><title>the times of india "
19151bd0-0e96-4d62-8569-ff12a85e5013,Ajit Punjab Punjabi,https://www.ajitjalandhar.com/feed/,IN,pa,Politics,True,200,invalid_content,https://www.ajitjalandhar.com/feed/,"<!doctype html> <html lang=""en""> <head> <title>ਅਜੀਤ: ਪੰਜਾਬ ਦੀ ਆਵਾਜ਼</title> <meta charset=""utf-8""> <!--[if ie]><meta http-equiv"
d2174fc2-a72a-4d2c-8897-47f0b18833e4,Akila News Gujarati,https://www.akilanews.com/feed/,IN,gu,Politics,True,ERR,request_error,https://www.akilanews.com/feed/,"HTTPSConnectionPool(host='www.akilanews.com', port=443): Read timed out. (read timeout=12)"
fe793ed6-b53f-4ca1-b07a-0dd7ab21259a,Al Jazeera Middle East,https://www.aljazeera.com/xml/rss/all.xml,QA,en,World,True,200,ok,https://www.aljazeera.com/xml/rss/all.xml,"<rss version=""2.0"" xmlns:content=""http://purl.org/rss/1.0/modules/content/"" xmlns:atom=""http://www.w3.org/2005/atom"" xmlns:media=""http://sea"
8d515c54-1d43-43bc-a8c9-b0503bf761dc,Amar Ujala Delhi Hindi,https://www.amarujala.com/rss/delhi-ncr.xml,IN,hi,Local,True,200,ok,https://www.amarujala.com/rss/delhi-ncr.xml,"<?xml version=""1.0"" encoding=""utf-8"" ?> <rss version=""2.0"" xmlns:content=""http://purl.org/rss/1.0/modules/content/"" xmlns:dc=""http://purl.or"
4020582e-f3d8-4a11-9b84-e1e8ec03fd23,Amar Ujala Hindi,https://www.amarujala.com/rss/india-news.xml,IN,hi,World,True,200,ok,https://www.amarujala.com/rss/india-news.xml,"<?xml version=""1.0"" encoding=""utf-8"" ?> <rss version=""2.0"" xmlns:content=""http://purl.org/rss/1.0/modules/content/"" xmlns:dc=""http://purl.or"
9ba10f00-4bc1-4a57-aa46-5c2bbefb40e2,Amar Ujala HP Hindi,https://www.amarujala.com/rss/himachal-pradesh.xml,IN,hi,Local,True,200,ok,https://www.amarujala.com/rss/himachal-pradesh.xml,"<?xml version=""1.0"" encoding=""utf-8"" ?> <rss version=""2.0"" xmlns:content=""http://purl.org/rss/1.0/modules/content/"" xmlns:dc=""http://purl.or"
902e5702-a49d-42f2-b5c5-f4a94c444cdd,Amar Ujala UP Hindi,https://www.amarujala.com/rss/uttar-pradesh.xml,IN,hi,Local,True,200,ok,https://www.amarujala.com/rss/uttar-pradesh.xml,"<?xml version=""1.0"" encoding=""utf-8"" ?> <rss version=""2.0"" xmlns:content=""http://purl.org/rss/1.0/modules/content/"" xmlns:dc=""http://purl.or"
8369af19-8442-4f40-918a-14b5fee5f4ba,Amar Ujala Uttarakhand Hindi,https://www.amarujala.com/rss/uttarakhand.xml,IN,hi,Local,True,200,ok,https://www.amarujala.com/rss/uttarakhand.xml,"<?xml version=""1.0"" encoding=""utf-8"" ?> <rss version=""2.0"" xmlns:content=""http://purl.org/rss/1.0/modules/content/"" xmlns:dc=""http://purl.or"
1b62a6d3-8b9b-4069-b82f-206f5237b6e4,Anandabazar Bengali,https://www.anandabazar.com/rss/rssfeed.xml,IN,bn,Politics,True,403,invalid_content,https://www.anandabazar.com/rss/rssfeed.xml,"<html><head> <title>access denied</title> </head><body> <h1>access denied</h1> you don't have permission to access ""http&#58;&#47;&#47;www"
74713723-6db7-47bb-be09-4df48757ed62,ANSA World,https://www.ansa.it/sito/ansait_rss.xml,IT,it,World,True,200,ok,https://www.ansa.it/sito/ansait_rss.xml,"<?xml version=""1.0"" encoding=""utf-8""?> <rss version=""2.0""> <channel> <title>primo piano ansa - ansa.it</title> <link></link> <description>up"
ec7d30cf-6457-49df-badd-9439395f349f,Asianet Malayalam,https://www.asianetnews.com/rss/news-feed,IN,ml,World,True,404,invalid_content,https://www.asianetnews.com/rss/news-feed,<?xml version='1.0' encoding='utf-8'?><error><code>nosuchkey</code><message>the specified key does not exist.</message><details>no such obje
77ff19b2-f560-4bde-bf7a-476cd9b5fc01,Asomiya Pratidin Assamese,https://www.asomiyapratidin.in/feed/,IN,as,Politics,True,404,invalid_content,https://www.asomiyapratidin.in/feed/,"<!doctype html><html ⚡ lang=""as"" prefix=""og: https://ogp.me/ns#"" i-amphtml-layout i-amphtml-no-boilerplate transformed=""self;v=1""><head><sty"
67a617e8-7ae1-479f-848d-9deb06e87f18,Bangalore Mirror,https://bangaloremirror.indiatimes.com/rssfeedstopstories.cms,IN,en,Local,True,404,invalid_content,https://bangaloremirror.indiatimes.com/rssfeedstopstories.cms," <script> if(window.location.href.indexof(""donotredirect"") == -1 && window.location.href.indexof(""/pagenotfound"
eaf2ebc2-fc7d-499b-acc3-976d7a3f4cce,Bartaman Bengali,https://www.bartamanpatrika.com/feed/,IN,bn,Politics,True,200,invalid_content,https://bartamanpatrika.com/feed/,"<!doctype html> <html lang=""en""> <head> <meta charset=""utf-8"" /> <link rel=""icon"" type=""image/svg+xml"" href=""./bartamanicon.png"" /"
3eda0599-6d33-4c38-ab4f-7182a66ae126,BBC Bengali,https://feeds.bbci.co.uk/bengali/rss.xml,IN,bn,World,True,200,ok,https://feeds.bbci.co.uk/bengali/rss.xml,"<?xml version=""1.0"" encoding=""utf-8""?><rss xmlns:dc=""http://purl.org/dc/elements/1.1/"" xmlns:content=""http://purl.org/rss/1.0/modules/conten"
d0cd1eab-ecc2-49e6-8237-b2c1034d5298,BBC Business,http://feeds.bbci.co.uk/news/business/rss.xml,GB,en,Business,True,200,ok,https://feeds.bbci.co.uk/news/business/rss.xml,"<?xml version=""1.0"" encoding=""utf-8""?><rss xmlns:dc=""http://purl.org/dc/elements/1.1/"" xmlns:content=""http://purl.org/rss/1.0/modules/conten"
9241743d-0102-431f-bc1f-b89da5760485,BBC Hindi,https://feeds.bbci.co.uk/hindi/india/rss.xml,IN,hi,World,True,200,ok,https://feeds.bbci.co.uk/hindi/rss.xml,"<?xml version=""1.0"" encoding=""utf-8""?><rss xmlns:dc=""http://purl.org/dc/elements/1.1/"" xmlns:content=""http://purl.org/rss/1.0/modules/conten"
11a7eb69-9bdc-4220-9eee-d3cb987e4311,BBC News,http://feeds.bbci.co.uk/news/rss.xml,,en,World,True,200,ok,https://feeds.bbci.co.uk/news/rss.xml,"<?xml version=""1.0"" encoding=""utf-8""?><rss xmlns:dc=""http://purl.org/dc/elements/1.1/"" xmlns:content=""http://purl.org/rss/1.0/modules/conten"
fb73626a-850b-48a2-8b8d-69621cf89a47,BBC Tamil,https://feeds.bbci.co.uk/tamil/rss.xml,IN,ta,World,True,200,ok,https://feeds.bbci.co.uk/tamil/rss.xml,"<?xml version=""1.0"" encoding=""utf-8""?><rss xmlns:dc=""http://purl.org/dc/elements/1.1/"" xmlns:content=""http://purl.org/rss/1.0/modules/conten"
fd3c1449-4dd2-4b9f-bca4-f262866246ff,BBC Technology,http://feeds.bbci.co.uk/news/technology/rss.xml,GB,en,Technology,True,200,ok,https://feeds.bbci.co.uk/news/technology/rss.xml,"<?xml version=""1.0"" encoding=""utf-8""?><rss xmlns:dc=""http://purl.org/dc/elements/1.1/"" xmlns:content=""http://purl.org/rss/1.0/modules/conten"
2134f214-dc11-4aa7-b336-edd417c9f1f6,BBC UK,http://feeds.bbci.co.uk/news/uk/rss.xml,GB,en,World,True,200,ok,https://feeds.bbci.co.uk/news/uk/rss.xml,"<?xml version=""1.0"" encoding=""utf-8""?><rss xmlns:dc=""http://purl.org/dc/elements/1.1/"" xmlns:content=""http://purl.org/rss/1.0/modules/conten"
4d7e2b51-aa44-487b-bfb0-4cb242e56abc,BBC World,http://feeds.bbci.co.uk/news/world/rss.xml,,en,World,True,200,ok,https://feeds.bbci.co.uk/news/world/rss.xml,"<?xml version=""1.0"" encoding=""utf-8""?><rss xmlns:dc=""http://purl.org/dc/elements/1.1/"" xmlns:content=""http://purl.org/rss/1.0/modules/conten"
50288de1-8721-4b54-9f98-18e7d4da95de,CBC Top,https://www.cbc.ca/cmlink/rss-topstories,CA,en,World,True,200,ok,https://www.cbc.ca/webfeed/rss/rss-topstories,"<?xml version=""1.0"" encoding=""utf-8""?> <rss xmlns:cbc=""https://www.cbc.ca/rss/cbc"" version=""2.0""> <channel> <title><![cdata[cbc | t"
09000a0d-cf43-49d6-9997-e61183e66713,CBS Top,https://www.cbsnews.com/latest/rss/main,US,en,World,True,200,ok,https://www.cbsnews.com/latest/rss/main,"<?xml version=""1.0"" encoding=""utf-8""?> <rss version=""2.0"" xmlns:content=""http://purl.org/rss/1.0/modules/content/"" xmlns:wfw=""http"
62d33c90-8b24-41e4-bbb2-ce2c22f0c3cb,Chandigarh TOI,https://timesofindia.indiatimes.com/rssfeeds/-2128769355.cms,IN,en,Local,True,200,ok,https://timesofindia.indiatimes.com/rssfeeds/-2128769355.cms,"<?xml version=""1.0"" encoding=""utf-8""?><rss xmlns:atom=""http://www.w3.org/2005/atom"" version=""2.0""><channel><title>the times of india "
dfc9933a-d6e0-4820-bedf-a16e5a673609,Channel NewsAsia,https://www.channelnewsasia.com/rssfeeds/8395986,SG,en,World,True,200,ok,https://www.channelnewsasia.com/api/v1/rss-outbound-feed?_format=xml,"<?xml version=""1.0"" encoding=""utf-8""?> <?xml-stylesheet title=""xsl_formatting"" type=""text/xsl"" href=""/static/rss/nolsol.xsl""?> <rss version="
72063ec2-9e6f-4067-929d-1b044c776d98,Chennai TOI,https://timesofindia.indiatimes.com/rssfeeds/2673929.cms,IN,en,Local,True,200,ok,https://timesofindia.indiatimes.com/rssfeeds/2673929.cms,"<?xml version=""1.0"" encoding=""utf-8""?><rss xmlns:atom=""http://www.w3.org/2005/atom"" version=""2.0""><channel><title>the times of india "
3947f5c3-677f-4141-9797-d749a2b03b30,CNN Top,http://rss.cnn.com/rss/edition.rss,US,en,World,True,200,ok,http://rss.cnn.com/rss/edition.rss,"<?xml version=""1.0"" encoding=""utf-8""?><rss xmlns:dc=""http://purl.org/dc/elements/1.1/"" xmlns:content=""http://purl.org/rss/1.0/modules/conten"
7db37ed6-cbd5-40b0-9fa9-604ab943ff46,CNN World,http://rss.cnn.com/rss/edition_world.rss,US,en,World,True,200,ok,http://rss.cnn.com/rss/edition_world.rss,"<?xml version=""1.0"" encoding=""utf-8""?><rss xmlns:dc=""http://purl.org/dc/elements/1.1/"" xmlns:content=""http://purl.org/rss/1.0/modules/conten"
44d6681f-899a-4ee3-84d4-4158a59c8268,Daily Post Punjabi,https://www.dailypostpunjabi.in/feed/,IN,pa,Local,True,200,invalid_content,https://www.dailypostpunjabi.in/feed/,"<!doctype html><html><head><script>window.onload=function(){window.location.href=""/lander""}</script></head></html>"
3ec90893-7340-4aaa-9464-72627b6a1e39,Daily Star Bangladesh,https://www.thedailystar.net/frontpage/rss.xml,BD,en,World,True,200,ok,https://www.thedailystar.net/taxonomy/term/107/rss.xml,"<?xml version=""1.0"" encoding=""utf-8""?> <rss xmlns:atom=""http://www.w3.org/2005/atom"" xmlns:content=""http://purl.org/rss/1.0/modules/content/"
9c5034c7-2e38-431b-bf78-3d37c707c70a,Dainik Agradoot Assamese,https://www.dainikagradoot.in/feed/,IN,as,Politics,True,200,ok,https://dainikagradoot.in/feed/,"<?xml version=""1.0"" encoding=""utf-8""?><rss version=""2.0"" xmlns:content=""http://purl.org/rss/1.0/modules/content/"" xmlns:wfw=""http://wellfo"
dec47087-53f5-4d33-aab7-46e76a0e8005,Dainik Bhaskar Bihar Hindi,https://www.bhaskar.com/rss-feed/bihar/,IN,hi,Local,True,501,invalid_content,https://www.bhaskar.com/rss-feed/bihar/,not implemented
f73390fa-bb24-40a3-add3-ff92bdaf4a96,Dainik Bhaskar Chhattisgarh Hindi,https://www.bhaskar.com/rss-feed/chhattisgarh/,IN,hi,Local,True,501,invalid_content,https://www.bhaskar.com/rss-feed/chhattisgarh/,not implemented
1ae1a2a3-e864-42a6-9bff-11697a4ad1db,Dainik Bhaskar Delhi Hindi,https://www.bhaskar.com/rss-feed/delhi/,IN,hi,Local,True,501,invalid_content,https://www.bhaskar.com/rss-feed/delhi/,not implemented
c10d4ea9-96a4-4299-8681-b7d62a3c74a9,Dainik Bhaskar Haryana Hindi,https://www.bhaskar.com/rss-feed/haryana/,IN,hi,Local,True,501,invalid_content,https://www.bhaskar.com/rss-feed/haryana/,not implemented
b4d51447-5878-4c23-aa12-eee4488da70d,Dainik Bhaskar Jharkhand Hindi,https://www.bhaskar.com/rss-feed/jharkhand/,IN,hi,Local,True,501,invalid_content,https://www.bhaskar.com/rss-feed/jharkhand/,not implemented
dd631462-44ba-409b-a4dd-45a7c95cbd03,Dainik Bhaskar MP Hindi,https://www.bhaskar.com/rss-feed/madhya-pradesh/,IN,hi,Local,True,501,invalid_content,https://www.bhaskar.com/rss-feed/madhya-pradesh/,not implemented
1ea38d0c-1944-48ee-944e-d019b8ff1971,Dainik Bhaskar Rajasthan Hindi,https://www.bhaskar.com/rss-feed/rajasthan/,IN,hi,Local,True,501,invalid_content,https://www.bhaskar.com/rss-feed/rajasthan/,not implemented
382e6541-63c4-414a-9de5-81ac5145861d,Dainik Bhaskar UP Hindi,https://www.bhaskar.com/rss-feed/uttar-pradesh/,IN,hi,Local,True,501,invalid_content,https://www.bhaskar.com/rss-feed/uttar-pradesh/,not implemented
ba76913d-2853-4e7a-b523-a73ef774088f,Dainik Jagran Hindi,https://www.jagran.com/rss/news/national.xml,IN,hi,Politics,True,404,invalid_content,https://www.jagran.com/rss/news/national.xml,"<!doctype html><html lang=""hi"" class=""__variable_fc77ad __variable_6da60f""><head><meta charset=""utf-8"" data-next-head=""""/><meta name=""viewpo"
c725215c-3d59-4bcf-b7b9-0577ab1e6fc4,Deccan Chronicle Telangana,https://www.deccanchronicle.com/nation/current-affairs/rss,IN,en,Politics,True,404,invalid_content,https://www.deccanchronicle.com/nation/current-affairs/rss,"<!doctype html><html lang=""en""><head><title>page not found - 404</title><link rel=""icon"" href=""/images/ico/favicon.ico?v=1"" type=""image/x-ic"
e6352105-6292-47a8-9d6b-565402c6e4a2,Dharitri Odia,https://dharitri.com/feed/,IN,or,Politics,True,200,ok,https://dharitri.com/feed/,"<?xml version=""1.0"" encoding=""utf-8""?><rss version=""2.0"" xmlns:content=""http://purl.org/rss/1.0/modules/content/"" xmlns:wfw=""http://wellfo"
15e852df-d9fe-416c-a82c-e5564a4ab33a,Dinamalar Tamil,https://www.dinamalar.com/rss/rss.xml,IN,ta,World,True,500,invalid_content,https://www.dinamalar.com/rss/rss.xml,internal server error
052dffc9-d3e1-412b-8dca-27fa5e576495,Dinamani Tamil,https://www.dinamani.com/rss/all.xml,IN,ta,Politics,True,404,invalid_content,https://www.dinamani.com/rss/all.xml,"<!doctype html><html id=""__next_error__""><head><meta charset=""utf-8""/><meta name=""viewport"" content=""width=device-width, initial-scale=1""/><"
ef0048fb-76ef-4966-9dac-70cbba89797f,Divya Bhaskar Gujarati,https://www.divyabhaskar.co.in/rss/topstories.xml,IN,gu,World,True,404,invalid_content,https://www.divyabhaskar.co.in/rss/topstories.xml,"<!doctype html> <html lang=""gu""> <head> <meta http-equiv=""content-type"" content=""text/html; charset=utf-8"" /> <meta http-equiv=""x-u"
1f66bb3b-490a-4eef-89ff-067370f853b3,DW Top,https://rss.dw.com/rdf/rss-en-top,DE,en,World,True,200,ok,https://rss.dw.com/rdf/rss-en-top,"<?xml version=""1.0"" encoding=""utf-8""?> <rdf:rdf xmlns:rdf=""http://www.w3.org/1999/02/22-rdf-syntax-ns#"" xmlns=""http://purl.org/rss/1.0/"" xml"
85af5453-fc5d-423d-95b6-4104842aeb62,EastMojo,https://www.eastmojo.com/feed/,IN,en,Local,True,200,ok,https://eastmojo.com/feed/,"<?xml version=""1.0"" encoding=""utf-8""?><rss version=""2.0"" xmlns:content=""http://purl.org/rss/1.0/modules/content/"" xmlns:wfw=""http://wellfo"
a1b89d23-6a7a-43bf-8700-5bcb335bf52d,Economic Times,https://economictimes.indiatimes.com/rssfeedsdefault.cms,IN,en,Business,True,200,ok,https://economictimes.indiatimes.com/rssfeedsdefault.cms,"<?xml version=""1.0"" encoding=""utf-8""?><rss xmlns:atom=""http://www.w3.org/2005/atom"" version=""2.0""><channel><title>economic times</title><lin"
d34e3748-2f9d-4307-9606-4f524b20d4a7,Eenadu Telugu,https://www.eenadu.net/home/homeheadlines/rss,IN,te,Politics,True,200,invalid_content,https://www.eenadu.net/410,"<!doctype html> <!--[if lt ie 7]> <html class=""ie6 oldie""> <![endif]--> <!--[if ie 7]> <html class=""ie7 oldie""> <![endif]--> <!--[if ie 8"
c891ea18-7e81-49ed-b625-740393f085ac,Ei Samay Bengali,https://eisamay.com/rss.cms,IN,bn,World,True,404,invalid_content,https://eisamay.com/rss.cms,"<!doctype html> <html lang=""bn"" dir=""ltr""> <head> <meta charset=""utf-8""/> <title>404 - page not found </title><link rel=""canonical"""
eed9dc97-9676-496e-a0a0-3ce6648676b9,Euronews,https://www.euronews.com/rss?format=mrss,FR,en,World,True,200,ok,https://www.euronews.com/rss?format=mrss,"<?xml version=""1.0"" encoding=""utf-8""?> <rss version=""2.0"" xmlns:atom=""http://www.w3.org/2005/atom"" xmlns:media=""http://search.yahoo.com/mrss"
19ca404e-1cfb-4792-a3bb-d5e05b537a64,Firstpost,https://www.firstpost.com/commonfeeds/v1/mfp/rss/india.xml,IN,en,India,True,200,ok,https://www.firstpost.com/commonfeeds/v1/mfp/rss/india.xml,"<?xml version=""1.0"" encoding=""utf-8""?> <rss xmlns:media=""http://search.yahoo.com/mrss/"" xmlns:atom=""http://www.w3.org/2005/atom"" xmlns:dc=""h"
1898de43-09d2-47ad-9240-1d7e9458e269,Folha Brazil,https://feeds.folha.uol.com.br/emcimadahora/rss091.xml,BR,pt,World,True,200,ok,https://feeds.folha.uol.com.br/emcimadahora/rss091.xml,"<?xml version=""1.0"" encoding=""iso-8859-1"" ?> <?xml-stylesheet type=""text/xsl"" href=""//feeds.folha.uol.com.br/rss/style.xsl"" ?> <rss version"
e27b41a2-f335-4c7f-97e3-f5b785c6fd75,Fox News Latest,https://moxie.foxnews.com/google-publisher/latest.xml,US,en,World,True,200,ok,https://moxie.foxnews.com/google-publisher/latest.xml,"<rss xmlns:media=""http://search.yahoo.com/mrss/"" xmlns:content=""http://purl.org/rss/1.0/modules/content/"" xmlns:dc=""http://purl.org/dc/eleme"
49f5c348-ff31-4143-8e6c-cfce3a4de1ad,France24,https://www.france24.com/en/rss,FR,en,World,True,200,ok,https://www.france24.com/en/rss,"<?xml version=""1.0"" encoding=""utf-8""?> <rss version=""2.0"" xmlns:atom=""http://www.w3.org/2005/atom"" xmlns:media=""http://search.yahoo.com/mrss"
8ddad47a-5541-48c1-8980-cc98b9a7bc4d,Global News Canada,https://globalnews.ca/feed/,CA,en,World,True,200,ok,https://globalnews.ca/feed/,"<?xml version=""1.0"" encoding=""utf-8""?><rss version=""2.0"" xmlns:content=""http://purl.org/rss/1.0/modules/content/"" xmlns:wfw=""http://wellfo"
a05797f1-a094-40d0-869e-4bbf22189fa8,Goa Chronicle,https://goachronicle.com/feed/,IN,en,Local,True,200,ok,https://goachronicle.com/feed/,"<?xml version=""1.0"" encoding=""utf-8""?><rss version=""2.0"" xmlns:content=""http://purl.org/rss/1.0/modules/content/"" xmlns:wfw=""http://wellfo"
e1ecc2dd-2859-4e42-a62f-4a196eb57264,Goa TOI,https://timesofindia.indiatimes.com/rssfeeds/36692495.cms,IN,en,Local,True,200,ok,https://timesofindia.indiatimes.com/rssfeeds/36692495.cms,"<?xml version=""1.0"" encoding=""utf-8""?><rss xmlns:atom=""http://www.w3.org/2005/atom"" version=""2.0""><channel><title>the times of india "
c3549462-f1ba-4c5c-9545-f340f021a8c6,Greater Kashmir,https://www.greaterkashmir.com/feed/,IN,en,Local,True,200,ok,https://www.greaterkashmir.com/feed/,"<?xml version=""1.0"" encoding=""utf-8""?><rss version=""2.0"" xmlns:content=""http://purl.org/rss/1.0/modules/content/"" xmlns:wfw=""http://wellfo"
a65ddca4-9003-4d02-9139-e57dd743b24d,Guardian UK,https://www.theguardian.com/uk/rss,GB,en,World,True,200,ok,https://www.theguardian.com/uk/rss,"<?xml version=""1.0"" encoding=""utf-8""?> <rss xmlns:media=""http://search.yahoo.com/mrss/"" xmlns:dc=""http://purl.org/dc/elements/1.1/"" version"
8b740377-919b-4195-8a49-30c11add2bd3,Guardian World,https://www.theguardian.com/world/rss,GB,en,World,True,200,ok,https://www.theguardian.com/world/rss,"<?xml version=""1.0"" encoding=""utf-8""?> <rss xmlns:media=""http://search.yahoo.com/mrss/"" xmlns:dc=""http://purl.org/dc/elements/1.1/"" version"
82cf0ff4-b74b-4eaa-bf62-c45d8b801107,Gujarat Samachar Gujarati,https://www.gujaratsamachar.com/rss,IN,gu,Politics,True,200,invalid_content,https://www.gujaratsamachar.com/rss,"<!doctype html><html lang=""gu""><head><meta charset=""utf-8""/><link rel=""icon"" href=""/favicon.ico""/><link rel=""preload"" href=""/assets/light_go"
3f57e12c-3344-48ef-a0f2-11dcc141bd21,Guwahati Plus Assamese,https://www.guwahatiplus.com/feed/,IN,as,Local,True,200,ok,https://www.guwahatiplus.com/feed,"<?xml version=""1.0"" encoding=""utf-8""?> <rss version=""2.0""> <channel> <title><![cdata[ guwahatiplus ]]></title> <link"
dcd4e70e-bd42-4dd5-acd0-ee2fce4a62cc,Hindustan Bihar Hindi,https://www.livehindustan.com/rss/bihar,IN,hi,Local,True,503,invalid_content,https://www.livehindustan.com/rss/bihar,<html> <head><title>503 service temporarily unavailable</title></head> <body> <center><h1>503 service temporarily unavailable</h1></cente
57585bea-928a-401f-961e-8a36c3031a98,Hindustan Delhi Hindi,https://www.livehindustan.com/rss/delhi,IN,hi,Local,True,503,invalid_content,https://www.livehindustan.com/rss/delhi,<html> <head><title>503 service temporarily unavailable</title></head> <body> <center><h1>503 service temporarily unavailable</h1></cente
956e62ba-8d4e-4ee3-8c21-736c2cad3e76,Hindustan Hindi,https://feed.livehindustan.com/rss/3127,IN,hi,Politics,True,200,ok,https://feed.livehindustan.com/rss/3127,"<?xml version=""1.0"" encoding=""utf-8""?><rss xmlns:atom=""http://www.w3.org/2005/atom"" xmlns:media=""http://search.yahoo.com/mrss/"" version=""2.0"
ad9f165e-e361-45f4-bf50-189312f78fb6,Hindustan Jharkhand Hindi,https://www.livehindustan.com/rss/jharkhand,IN,hi,Local,True,503,invalid_content,https://www.livehindustan.com/rss/jharkhand,<html> <head><title>503 service temporarily unavailable</title></head> <body> <center><h1>503 service temporarily unavailable</h1></cente
8f44c0cf-cdae-4341-8558-3fda2251724a,Hindustan Times,https://www.hindustantimes.com/feeds/rss/india-news/rssfeed.xml,IN,en,India,True,200,ok,https://www.hindustantimes.com/feeds/rss/india-news/rssfeed.xml,"<?xml version=""1.0"" encoding=""utf-8""?><rss xmlns:atom=""http://www.w3.org/2005/atom"" xmlns:media=""http://search.yahoo.com/mrss/"" version=""2.0"
846f3d34-9cab-4aa6-a289-391a8fd15ddc,Hindustan UP Hindi,https://www.livehindustan.com/rss/uttar-pradesh,IN,hi,Local,True,503,invalid_content,https://www.livehindustan.com/rss/uttar-pradesh,<html> <head><title>503 service temporarily unavailable</title></head> <body> <center><h1>503 service temporarily unavailable</h1></cente
d355cf43-6763-41b0-9d73-c1467e1f19b7,Hyderabad TOI,https://timesofindia.indiatimes.com/rssfeeds/-2128833038.cms,IN,en,Local,True,200,ok,https://timesofindia.indiatimes.com/rssfeeds/-2128833038.cms,"<?xml version=""1.0"" encoding=""utf-8""?><rss xmlns:atom=""http://www.w3.org/2005/atom"" version=""2.0""><channel><title>bengaluru news: latest ban"
7c9d9b85-fa15-4060-9d62-f28a3844d8d2,India Today,https://www.indiatoday.in/rss/home,IN,en,India,True,200,ok,https://www.indiatoday.in/rss/home,"<rss xmlns:media=""http://search.yahoo.com/mrss/"" xmlns:atom=""http://www.w3.org/2005/atom"" version=""2.0""> <channel> <title><![cda"
903aaa4e-7f89-42e1-b013-77f2c5fe7df7,Indian Express,https://indianexpress.com/section/india/feed/,IN,en,World,True,200,ok,https://indianexpress.com/section/india/feed/,"<?xml version=""1.0"" encoding=""utf-8""?><rss version=""2.0"" xmlns:content=""http://purl.org/rss/1.0/modules/content/"" xmlns:wfw=""http://wellfo"
53e13230-56c0-49c8-b822-cbcc87c3979c,Indian Express World,https://indianexpress.com/section/world/feed/,IN,en,World,True,200,ok,https://indianexpress.com/section/world/feed/,"<?xml version=""1.0"" encoding=""utf-8""?><rss version=""2.0"" xmlns:content=""http://purl.org/rss/1.0/modules/content/"" xmlns:wfw=""http://wellfo"
d811f644-096f-4f5a-a92d-0c875d97dbc9,Jagbani Punjabi,https://www.jagbani.com/rss,IN,pa,World,True,ERR,request_error,https://www.jagbani.com/rss,"HTTPSConnectionPool(host='www.jagbani.com', port=443): Max retries exceeded with url: /rss (Caused by ConnectTimeoutError(<urllib3.connectio"
81e3c670-6cba-469e-8388-9985226d9a5a,Jaipur TOI,https://timesofindia.indiatimes.com/rssfeeds/-2128807284.cms,IN,en,Local,True,200,ok,https://timesofindia.indiatimes.com/rssfeeds/-2128807284.cms,"<?xml version=""1.0"" encoding=""utf-8""?><rss xmlns:atom=""http://www.w3.org/2005/atom"" version=""2.0""><channel><title>the times of india "
a4b17d72-46ed-49bb-80b9-a760322ec1ed,Japan Times,https://www.japantimes.co.jp/feed/,JP,en,World,True,200,ok,https://www.japantimes.co.jp/feed/,"<?xml version=""1.0"" encoding=""utf-8""?> <rss version=""2.0"" xmlns:content=""http://purl.org/rss/1.0/modules/content/"" xmlns:wfw=""http://wellf"
3079aae9-185a-472a-b277-0634e2e1296b,Jerusalem Post,https://www.jpost.com/Rss/RssFeedsHeadlines.aspx,IL,en,World,True,200,ok,https://www.jpost.com/rss/rssfeedsheadlines.aspx,"<rss xmlns:jpostchannel=""https://www.jpost.com"" xmlns:content=""http://purl.org/rss/1.0/modules/content/"" xmlns:media=""http://search.yahoo.co"
3916fc5e-cfaf-463d-a4d2-2d789ff0a516,Kairali TV Malayalam,https://www.kairalitv.in/feed/,IN,ml,Politics,True,ERR,request_error,https://www.kairalitv.in/feed/,"HTTPSConnectionPool(host='www.kairalitv.in', port=443): Max retries exceeded with url: /feed/ (Caused by SSLError(SSLCertVerificationError(1"
45f1b1b4-612c-4c03-9dce-a7c412d29899,Kalinga TV Odia,https://www.kalingatv.com/feed/,IN,or,Politics,True,200,ok,https://kalingatv.com/feed/,"<?xml version=""1.0"" encoding=""utf-8""?><rss version=""2.0"" xmlns:content=""http://purl.org/rss/1.0/modules/content/"" xmlns:wfw=""http://wellfo"
14de4e50-9dbe-4e32-8c3a-df7c62995f26,Kanak News Odia,https://www.kanaknews.com/feed/,IN,or,Politics,True,404,invalid_content,https://kanaknews.com/feed/,"<!doctype html><html lang=""or"" data-theme=""light"" class=""gh-btns-font-color-light""><head><meta charset=""utf-8""><meta name=""robots"" content="""
8a0ba814-03cb-4da7-a722-d09dbd52afac,Kannada Prabha,https://www.kannadaprabha.com/feed/,IN,kn,Politics,True,200,ok,https://www.kannadaprabha.com/stories.rss,"<rss version=""2.0"" xmlns:atom=""http://www.w3.org/2005/atom"" xmlns:content=""http://purl.org/rss/1.0/modules/content/"" xmlns:media=""http://sea"
9fd595c5-886b-435e-a939-53166c54700a,Kashmir Life,https://kashmirlife.net/feed/,IN,en,Local,True,200,ok,https://kashmirlife.net/feed/,"<?xml version=""1.0"" encoding=""utf-8""?><rss version=""2.0"" xmlns:content=""http://purl.org/rss/1.0/modules/content/"" xmlns:wfw=""http://wellfo"
6fea61fc-eb69-4d4c-bacf-2720a24d226e,Kashmir Observer,https://kashmirobserver.net/feed/,IN,en,Local,True,200,ok,https://kashmirobserver.net/feed/,"<?xml version=""1.0"" encoding=""utf-8""?><rss version=""2.0"" xmlns:content=""http://purl.org/rss/1.0/modules/content/"" xmlns:wfw=""http://wellfo"
1970f4c2-c0ae-4acd-9b00-0269a79835ee,Kathmandu Post,https://kathmandupost.com/rss,NP,en,World,True,200,ok,https://kathmandupost.com/rss,"<?xml version=""1.0"" encoding=""utf-8"" ?><rss version=""2.0""><channel><title>kathamndu post rss</title><link>https://kathmandupost.com/</link><"
4a5d7df5-a097-4a05-9cd4-626c7375d006,Kolkata TOI,https://timesofindia.indiatimes.com/rssfeeds/52673931.cms,IN,en,Local,True,200,ok,https://timesofindia.indiatimes.com/rssfeeds/52673931.cms,"<?xml version=""1.0"" encoding=""utf-8""?><rss xmlns:atom=""http://www.w3.org/2005/atom"" version=""2.0""><channel><title>hindi - news - tv - the ti"
efe84252-a2a1-4d34-89fb-fce394c175a8,LA Times,https://www.latimes.com/world-nation/rss2.0.xml,US,en,World,True,200,ok,https://www.latimes.com/world-nation/rss2.0.xml,"<?xml version=""1.0"" encoding=""utf-8""?> <rss version=""2.0"" xmlns:media=""http://search.yahoo.com/mrss/"" xmlns:dc=""http://purl.org/dc/elements/"
70c57c69-df5a-43e8-9c8e-038e8edade3e,LiveMint,https://www.livemint.com/rss/news,IN,en,Business,True,200,ok,https://www.livemint.com/rss/news,"<?xml version=""1.0"" encoding=""utf-8""?> <rss xmlns:atom=""http://www.w3.org/2005/atom"" xmlns:media=""http://search.yahoo.com/mrss/"" version=""2"
77fdfb82-a221-49c2-b0bc-1217a817a6a7,Lokmat Marathi,https://www.lokmat.com/feed/,IN,mr,World,True,200,invalid_content,https://www.lokmat.com/," <!doctype html><html lang=""mr""><head><meta name=""viewport"" content=""width=device-width, initial-scale=1.0, maximum-scale=2.0, minimum-scale"
d3b5d186-7186-433d-a0ba-e4ce98e680b1,Loksatta Marathi,https://www.loksatta.com/feed/,IN,mr,Politics,True,200,invalid_content,https://www.loksatta.com/,"<!doctype html><html lang=""mr""><head> <meta charset=""utf-8"" /> <script type=""text/javascript""> !function(e,t){""use strict"";""object""==typeof"
f4b6d8ea-78c5-4699-af24-12ade8fe3d9d,Lucknow TOI,https://timesofindia.indiatimes.com/rssfeeds/-2128816011.cms,IN,en,Local,True,200,ok,https://timesofindia.indiatimes.com/rssfeeds/-2128816011.cms,"<?xml version=""1.0"" encoding=""utf-8""?><rss xmlns:atom=""http://www.w3.org/2005/atom"" version=""2.0""><channel><title>hyderabad news: latest hyd"
f5a93b24-9c32-436d-a3a5-72f03a4ea7d8,Madhyamam Malayalam,https://www.madhyamam.com/feed/,IN,ml,Politics,True,500,invalid_content,https://www.madhyamam.com/feed,"<!doctype html><html lang=""ml""><head><title>page not found - 500</title><link rel=""icon"" href=""/images/ico/favicon.ico?v=30"" type=""image/x-i"
96612967-0807-475e-a480-5ac604da14aa,Maharashtra Times Marathi,https://maharashtratimes.com/rss.cms,IN,mr,Politics,True,ERR,request_error,https://maharashtratimes.com/rss.cms,"Failed to parse: 'maharashtratimes..com', label empty or too long"
be57b6ec-ae97-4904-93dd-69dd8bdf7dea,Mail and Guardian,https://mg.co.za/feed/,ZA,en,World,True,200,ok,https://mg.co.za/feed/,"<?xml version=""1.0"" encoding=""utf-8""?><rss version=""2.0"" xmlns:content=""http://purl.org/rss/1.0/modules/content/"" xmlns:wfw=""http://wellfo"
b825dce9-03fd-4388-917c-9d4bf91404d7,Malayala Manorama,https://www.manoramaonline.com/news/rss.xml,IN,ml,World,True,404,invalid_content,https://www.manoramaonline.com/news/rss.xml," <!doctype html> <html lang=""ml""> <head> <title>404 error</title> <link rel=""alternate"" type=""applicati"
896932a4-8365-4251-ab81-bdd34c8afee6,Manorama News Malayalam,https://www.manoramanews.com/feed/,IN,ml,World,True,404,invalid_content,https://www.manoramanews.com/feed/," <!doctype html> <html lang=""ml""> <head> <title>404 error page</title> <meta http-equiv=""x-ua-compatible"" c"
d3b4fe63-e976-498a-a047-d5dac1631231,Mathrubhumi Malayalam,https://www.mathrubhumi.com/rss/news,IN,ml,Politics,True,404,invalid_content,https://www.mathrubhumi.com/rss/news,"<!doctype html><html id=""root-site"" lang=""en""><head><meta charset=""utf-8""/><meta name=""viewport"" content=""width=device-width""/><meta name=""i"
51cd0506-aa96-4423-ac7c-84b9c52b12c7,Mexico News Daily,https://mexiconewsdaily.com/feed/,MX,en,World,True,200,ok,https://mexiconewsdaily.com/feed/,"<?xml version=""1.0"" encoding=""utf-8""?><rss version=""2.0"" xmlns:content=""http://purl.org/rss/1.0/modules/content/"" xmlns:wfw=""http://wellfo"
aef791e4-d4a6-4e63-a6dc-c5972e71b43d,Mumbai Mirror,https://mumbaimirror.indiatimes.com/rssfeedstopstories.cms,IN,en,Local,True,404,invalid_content,https://mumbaimirror.indiatimes.com/rssfeedstopstories.cms," <script> if(window.location.href.indexof(""donotredirect"") == -1 && window.location.href.indexof(""/pagenotfound"
69b021a1-7880-4ddf-a453-6d9ee6be67f6,Nagpur Today,https://www.nagpurtoday.in/feed/,IN,en,Local,True,200,ok,https://www.nagpurtoday.in/feed,"<?xml version=""1.0"" encoding=""utf-8""?><rss version=""2.0"" xmlns:content=""http://purl.org/rss/1.0/modules/content/"" xmlns:wfw=""http://wellfo"
ca04c1fa-4cec-4c82-b115-57dfa6aacfe7,NavBharat Times Hindi,https://navbharattimes.indiatimes.com/rssfeedstopstories.cms,IN,hi,Politics,True,404,invalid_content,https://navbharattimes.indiatimes.com/rssfeedstopstories.cms," <!doctype html public ""-//w3c//dtd html 4.01//en"" ""http://www.w3.org/tr/html4/strict.dtd""> <html xmlns:fb=""http://www."
fed8579d-6045-42f0-879f-bb5eeb4cd72a,NDTV,https://feeds.feedburner.com/ndtvnews-top-stories,IN,en,World,True,200,ok,https://feeds.feedburner.com/ndtvnews-top-stories,"<rss version=""2.0"" xmlns:content=""http://purl.org/rss/1.0/modules/content/"" xmlns:media=""http://search.yahoo.com/mrss/"" > <channel> "
ac082c0b-2398-4c58-bdd1-729b2042dd83,New Indian Express AP,https://www.newindianexpress.com/states/andhra-pradesh/rssfeed,IN,en,Local,True,200,ok,https://www.newindianexpress.com/api/v1/collections/andhra-pradesh-states.rss,"<rss version=""2.0"" xmlns:atom=""http://www.w3.org/2005/atom"" xmlns:content=""http://purl.org/rss/1.0/modules/content/"" xmlns:media=""http://sea"
6aaca600-ebff-4e44-8045-6df113e0592f,New Indian Express Karnataka,https://www.newindianexpress.com/states/karnataka/rssfeed,IN,en,Local,True,200,ok,https://www.newindianexpress.com/api/v1/collections/karnataka-states.rss,"<rss version=""2.0"" xmlns:atom=""http://www.w3.org/2005/atom"" xmlns:content=""http://purl.org/rss/1.0/modules/content/"" xmlns:media=""http://sea"
02dcf7bd-ca60-4f74-aedc-6ddea1531fea,New Indian Express Kerala,https://www.newindianexpress.com/states/kerala/rssfeed,IN,en,Local,True,200,ok,https://www.newindianexpress.com/api/v1/collections/kerala-states.rss,"<rss version=""2.0"" xmlns:atom=""http://www.w3.org/2005/atom"" xmlns:content=""http://purl.org/rss/1.0/modules/content/"" xmlns:media=""http://sea"
2bd5f763-c55b-4ded-80fa-9be0199c5b38,New Indian Express Odisha,https://www.newindianexpress.com/states/odisha/rssfeed,IN,en,Local,True,200,ok,https://www.newindianexpress.com/api/v1/collections/odisha-states.rss,"<rss version=""2.0"" xmlns:atom=""http://www.w3.org/2005/atom"" xmlns:content=""http://purl.org/rss/1.0/modules/content/"" xmlns:media=""http://sea"
01a9fdcd-03a0-44d9-9276-ec3b3fab7c18,New Indian Express Telangana,https://www.newindianexpress.com/states/telangana/rssfeed,IN,en,Local,True,200,ok,https://www.newindianexpress.com/api/v1/collections/telangana-states.rss,"<rss version=""2.0"" xmlns:atom=""http://www.w3.org/2005/atom"" xmlns:content=""http://purl.org/rss/1.0/modules/content/"" xmlns:media=""http://sea"
88696df7-8952-4676-95bf-14ba9f8d9b27,New Indian Express TN,https://www.newindianexpress.com/states/tamil-nadu/rssfeed,IN,en,Local,True,200,ok,https://www.newindianexpress.com/api/v1/collections/tamil-nadu-states.rss,"<rss version=""2.0"" xmlns:atom=""http://www.w3.org/2005/atom"" xmlns:content=""http://purl.org/rss/1.0/modules/content/"" xmlns:media=""http://sea"
b66add47-09d8-462b-837f-074939e892d5,News Karnataka,https://newskarnataka.com/feed/,IN,en,Local,True,ERR,request_error,https://newskarnataka.com/feed/,"HTTPSConnectionPool(host='newskarnataka.com', port=443): Read timed out. (read timeout=12)"
c9301817-f322-4a83-8c04-0cf256d590eb,News18 Gujarati,https://gujarati.news18.com/feed/,IN,gu,World,True,404,invalid_content,https://gujarati.news18.com/feed/,"<!doctype html><html lang=""gu""><head><meta charset=""utf-8""/><title>404: this page could not be found</title><meta name=""robots"" content=""ind"
e584979f-d2c2-40c6-b121-f90af6a5b8e7,News7 Odia,https://www.news7odia.com/feed/,IN,or,World,True,404,invalid_content,https://www.news7odia.com/feed/,
a1b59cdf-4111-4d51-b7e1-22bcef11dead,NHK World,https://www3.nhk.or.jp/rss/news/cat0.xml,JP,en,World,True,200,ok,https://www3.nhk.or.jp/rss/news/cat0.xml,"<?xml version=""1.0"" encoding=""utf-8""?> <rss xmlns:nhknews=""http://www.nhk.or.jp/rss/rss2.0/modules/nhknews/"" version=""2.0""> <channel> <ti"
6d487c57-b486-4584-9fa7-8e63cfc22890,Niyomiya Barta Assamese,https://www.niyomiyabarta.com/feed/,IN,as,World,True,200,ok,https://niyomiyabarta.com/feed/,"<?xml version=""1.0"" encoding=""utf-8""?><rss version=""2.0"" xmlns:content=""http://purl.org/rss/1.0/modules/content/"" xmlns:wfw=""http://wellfo"
3384ecdd-066f-426c-846d-a1fbc3d746ba,NPR News,https://feeds.npr.org/1001/rss.xml,US,en,World,True,200,ok,https://feeds.npr.org/1001/rss.xml,"<?xml version=""1.0"" encoding=""utf-8""?> <rss xmlns:npr=""https://www.npr.org/rss/"" xmlns:nprml=""https://api.npr.org/nprml"" xmlns:itunes=""http:"
e04b6cd1-b104-4179-9a90-993328967921,NTV Telugu,https://www.ntvtelugu.com/feed/,IN,te,World,True,200,ok,https://ntvtelugu.com/feed,"<?xml version=""1.0"" encoding=""utf-8""?><rss version=""2.0"" xmlns:content=""http://purl.org/rss/1.0/modules/content/"" xmlns:wfw=""http://wellfo"
f00a4e13-7932-4e06-b045-3107cf4e7c14,NYTimes Business,https://rss.nytimes.com/services/xml/rss/nyt/Business.xml,US,en,Business,True,200,ok,https://rss.nytimes.com/services/xml/rss/nyt/Business.xml,"<?xml version=""1.0"" encoding=""utf-8""?> <rss xmlns:dc=""http://purl.org/dc/elements/1.1/"" xmlns:media=""http://search.yahoo.com/mrss/"" xmlns:at"
ec4ebcae-e6c7-45e1-9455-4d4269a65a7d,NYTimes Home,https://rss.nytimes.com/services/xml/rss/nyt/HomePage.xml,US,en,World,True,200,ok,https://rss.nytimes.com/services/xml/rss/nyt/HomePage.xml,"<?xml version=""1.0"" encoding=""utf-8""?> <rss xmlns:dc=""http://purl.org/dc/elements/1.1/"" xmlns:media=""http://search.yahoo.com/mrss/"" xmlns:at"
4f8e0733-5db8-4cd5-89d2-af7eaa9da8e7,NYTimes US,https://rss.nytimes.com/services/xml/rss/nyt/US.xml,US,en,World,True,200,ok,https://rss.nytimes.com/services/xml/rss/nyt/US.xml,"<?xml version=""1.0"" encoding=""utf-8""?> <rss xmlns:dc=""http://purl.org/dc/elements/1.1/"" xmlns:media=""http://search.yahoo.com/mrss/"" xmlns:at"
00375c8b-3018-4c94-92b0-704e5d3be6ad,NYTimes World,https://rss.nytimes.com/services/xml/rss/nyt/World.xml,US,en,World,True,200,ok,https://rss.nytimes.com/services/xml/rss/nyt/World.xml,"<?xml version=""1.0"" encoding=""utf-8""?> <rss xmlns:dc=""http://purl.org/dc/elements/1.1/"" xmlns:media=""http://search.yahoo.com/mrss/"" xmlns:at"
89b1c3e5-c034-4ef0-acba-e5a124892274,Odisha TV Odia,https://odishatv.in/feed,IN,or,World,True,200,ok,https://odishatv.in/rss,"<rss xmlns:atom=""http://www.w3.org/2005/atom"" xmlns:content=""http://purl.org/rss/1.0/modules/content/"" xmlns:dc=""http://purl.org/dc/elements"
3028ca3c-5821-44db-851d-eaaccf4abb59,OTV Odia,https://www.odishatv.in/feed/,IN,or,World,True,200,ok,https://odishatv.in/rss,"<rss xmlns:atom=""http://www.w3.org/2005/atom"" xmlns:content=""http://purl.org/rss/1.0/modules/content/"" xmlns:dc=""http://purl.org/dc/elements"
ecab0127-6b59-44d8-96ed-13b4457531f1,Politico Playbook,https://www.politico.com/rss/politicopicks.xml,US,en,Politics,True,403,invalid_content,https://www.politico.com/rss/politicopicks.xml,"<!doctype html><html lang=""en-us""><head><title>just a moment...</title><meta http-equiv=""content-type"" content=""text/html; charset=utf-8""><m"
e4ea672c-9c79-4e35-ac5a-b56cde380b97,Prabhat Khabar Hindi Bihar,https://www.prabhatkhabar.com/feed/,IN,hi,Politics,True,200,ok,https://www.prabhatkhabar.com/feed,"<?xml version=""1.0"" encoding=""utf-8""?> <rss version=""2.0"" xmlns:content=""http://purl.org/rss/1.0/modules/content/"" xmlns:wfw=""http://wellf"
ecf4afe8-9649-4592-ad9b-1029846b4da1,Pragativadi Odia,https://pragativadi.com/feed/,IN,or,World,True,200,ok,https://pragativadi.com/feed/,"<?xml version=""1.0"" encoding=""utf-8""?><rss version=""2.0"" xmlns:content=""http://purl.org/rss/1.0/modules/content/"" xmlns:wfw=""http://wellfo"
e7602efb-322a-4374-abdf-4b33c01e98f9,Prajavani Kannada,https://www.prajavani.net/feed,IN,kn,World,True,200,ok,https://www.prajavani.net/stories.rss,"<rss version=""2.0"" xmlns:atom=""http://www.w3.org/2005/atom"" xmlns:content=""http://purl.org/rss/1.0/modules/content/"" xmlns:media=""http://sea"
bbe387b1-7ea8-488e-8133-691a612f70af,PTC News Punjabi,https://www.ptcnews.tv/feed/,IN,pa,Politics,True,200,invalid_content,https://www.ptcnews.tv/feed/,"<!doctype html> <html lang=""en""> <head> <meta charset=""utf-8""> <meta name=""viewport"" content=""width=device-width, initial-scale="
5ece8bd4-735c-4eeb-9f7e-f70d93f27aae,Public TV Kannada,https://www.publictv.in/feed/,IN,kn,Politics,True,200,ok,https://publictv.in/feed/,"<?xml version=""1.0"" encoding=""utf-8""?><rss version=""2.0"" xmlns:content=""http://purl.org/rss/1.0/modules/content/"" xmlns:wfw=""http://wellfo"
6ef38cbc-54a8-4a94-8f5b-c613958f4770,Pudhari Marathi,https://www.pudhari.news/feed/,IN,mr,Politics,True,200,ok,https://pudhari.news/stories.rss,"<rss version=""2.0"" xmlns:atom=""http://www.w3.org/2005/atom"" xmlns:content=""http://purl.org/rss/1.0/modules/content/"" xmlns:media=""http://sea"
38196c3f-4135-478d-945c-17d21bdbd6d4,Punch Nigeria,https://punchng.com/feed/,NG,en,World,True,200,ok,https://rss.punchng.com/v1/category/latest_news,"<?xml version=""1.0"" encoding=""utf-8"" ?> <rss xmlns:atom=""http://www.w3.org/2005/atom"" version=""2.0"" xmlns:dc=""http://purl.org/dc/elements/1."
8c81f132-d56e-4d52-bc22-4d7914d5be08,Pune Mirror,https://punemirror.com/feed/,IN,en,Local,True,200,ok,https://punemirror.com/feed/,"<?xml version=""1.0"" encoding=""utf-8""?><rss version=""2.0"" xmlns:media=""http://search.yahoo.com/mrss/"" xmlns:content=""http://purl.org/rss/1."
1b90cc65-9624-498b-b91f-958ac0a8907d,Puthiya Thalaimurai Tamil,https://www.puthiyathalaimurai.com/feed/,IN,ta,Politics,True,200,ok,https://www.puthiyathalaimurai.com/stories.rss,"<rss version=""2.0"" xmlns:atom=""http://www.w3.org/2005/atom"" xmlns:content=""http://purl.org/rss/1.0/modules/content/"" xmlns:media=""http://sea"
401611fc-532c-4ea4-ac25-ea7bb19eca02,Rajasthan Patrika Hindi,https://www.patrika.com/rss/rajasthan.xml,IN,hi,Local,True,200,invalid_content,https://www.patrika.com/rss/rajasthan.xml,"<!doctype html><html lang=""hi"" class=""__variable_0221bf __variable_b14190""><head><meta charset=""utf-8""/><meta name=""viewport"" content=""width"
747f4ab4-8387-487a-802c-d770b13be7b1,Rappler Philippines,https://www.rappler.com/rss/,PH,en,World,True,200,ok,https://www.rappler.com/feed/,"<?xml version=""1.0"" encoding=""utf-8""?><rss version=""2.0"" xmlns:content=""http://purl.org/rss/1.0/modules/content/"" xmlns:wfw=""http://wellfo"
67fb98ea-8c1f-4603-9913-f7e47076f248,Reuters Top,https://feeds.reuters.com/reuters/topNews,,en,World,True,ERR,request_error,https://feeds.reuters.com/reuters/topNews,"HTTPSConnectionPool(host='feeds.reuters.com', port=443): Max retries exceeded with url: /reuters/topNews (Caused by NameResolutionError(""<ur"
d0b05cee-3715-4923-8999-e24c384a0a6b,Reuters World,https://feeds.reuters.com/Reuters/worldNews,,en,World,True,ERR,request_error,https://feeds.reuters.com/Reuters/worldNews,"HTTPSConnectionPool(host='feeds.reuters.com', port=443): Max retries exceeded with url: /Reuters/worldNews (Caused by NameResolutionError(""<"
94f2434c-4a60-4c69-b91a-7d13dcabf417,Rozana Spokesman Punjabi,https://www.rozanaspokesman.com/feed/,IN,pa,Politics,True,404,invalid_content,https://www.rozanaspokesman.com/feed/,"<!doctype html public ""-//w3c//dtd html 4.01 transitional//en"" ""http://www.w3.org/tr/html4/loose.dtd""> <html lang=""en""> <head> <!-- goo"
839c91ec-bd2e-4ebc-af26-a03dcb50aed6,Saamana Marathi,https://www.saamana.com/feed/,IN,mr,Politics,True,200,ok,https://www.saamana.com/feed/,"<?xml version=""1.0"" encoding=""utf-8""?><rss version=""2.0"" xmlns:content=""http://purl.org/rss/1.0/modules/content/"" xmlns:wfw=""http://wellfo"
b61f9b9e-e3f4-4a0f-8e0e-cfb68fc9972f,Sakal Marathi,https://www.esakal.com/feed/,IN,mr,World,True,200,ok,https://www.esakal.com/stories.rss,"<rss version=""2.0"" xmlns:atom=""http://www.w3.org/2005/atom"" xmlns:content=""http://purl.org/rss/1.0/modules/content/"" xmlns:media=""http://sea"
4ec6f79c-9806-4b94-a6a7-a83535d8e056,Sakshi Telugu,https://www.sakshi.com/rss/top-stories,IN,te,World,True,200,invalid_content,https://www.sakshi.com/,"<!doctype html> <html dir=""ltr"" prefix=""og: https://ogp.me/ns#"" lang=""te"" translate=""no""> <head> <meta charset=""utf-8"" /> <meta name="""
698b7093-0427-4c89-b475-1cc6019019a6,Sambad Odia,https://sambad.in/feed/,IN,or,World,True,404,invalid_content,https://sambad.in/feed/,"<!doctype html><html lang=""or"" data-theme=""light"" class=""gh-btns-font-color-light""><head><meta charset=""utf-8""><meta name=""robots"" content="""
7f604b71-e4e9-4bee-9b09-ed81f4d759f4,Sandesh Gujarati,https://sandesh.com/feed/,IN,gu,World,True,200,invalid_content,https://sandesh.com/feed/,"<!doctype html> <html lang=""gu""> <head><title>gujarati news | breaking news in gujarati | ગુજરાતી સમાચાર | sandesh</title><meta name=""de"
eb01f583-2865-4dc2-901f-dc09d9739ddb,Sangbad Pratidin Bengali,https://www.sangbadpratidin.in/feed/,IN,bn,World,True,200,ok,https://www.sangbadpratidin.in/feed/,"<?xml version=""1.0"" encoding=""utf-8""?><rss version=""2.0"" xmlns:content=""http://purl.org/rss/1.0/modules/content/"" xmlns:wfw=""http://wellfo"
ee4d14b5-53a9-4892-8f2b-67d8ea1770ce,SBS Australia,https://www.sbs.com.au/news/feed,AU,en,World,True,200,ok,https://www.sbs.com.au/news/feed,"<?xml version='1.0' encoding='utf-8'?> <rss version=""2.0"" xmlns:atom=""http://www.w3.org/2005/atom"" xmlns:media=""http://search.yahoo.com/mrss"
18d14470-bb73-4f40-99af-6f50627546d0,SCMP,https://www.scmp.com/rss/91/feed,HK,en,World,True,200,ok,https://www.scmp.com/rss/91/feed/,"<?xml version=""1.0""?> <rss version=""2.0"" xml:base=""link"" xmlns:atom=""http://www.w3.org/2005/atom"" xmlns:content=""http://purl.org/rss/1.0/mod"
ceb6b08e-b759-42bc-b056-4256e87db763,Sky News Home,https://feeds.skynews.com/feeds/rss/home.xml,GB,en,World,True,200,ok,https://feeds.skynews.com/feeds/rss/home.xml,"<?xml version=""1.0"" encoding=""utf-8""?> <rss xmlns:atom=""http://www.w3.org/2005/atom"" xmlns:media=""http://search.yahoo.com/mrss/"" version=""2."
ccd66aed-670e-42df-a3d1-83767ab484a9,Sky News World,https://feeds.skynews.com/feeds/rss/world.xml,GB,en,World,True,200,ok,https://feeds.skynews.com/feeds/rss/world.xml,"<?xml version=""1.0"" encoding=""utf-8""?> <rss xmlns:atom=""http://www.w3.org/2005/atom"" xmlns:media=""http://search.yahoo.com/mrss/"" version=""2."
7cb6207e-f588-4fed-8015-0caec345f34e,South China Morning Post World,https://www.scmp.com/rss/4/feed,HK,en,World,True,200,ok,https://www.scmp.com/rss/4/feed/,"<?xml version=""1.0""?> <rss version=""2.0"" xml:base=""link"" xmlns:atom=""http://www.w3.org/2005/atom"" xmlns:content=""http://purl.org/rss/1.0/mod"
649ff6a9-3e4a-4893-89a0-32c4ae95a06d,Straits Times,https://www.straitstimes.com/news/singapore/rss.xml,SG,en,World,True,200,ok,https://www.straitstimes.com/news/singapore/rss.xml,"<?xml version=""1.0"" encoding=""utf-8""?> <rss version=""2.0"" xmlns:atom=""http://www.w3.org/2005/atom"" xmlns:content=""http://purl.org/rss/1.0/mo"
9fd69abc-8a30-4ffe-8d64-d9bde1a63d2c,Suvarna News Kannada,https://www.suvarnanews.com/feed/,IN,kn,World,True,404,invalid_content,https://www.suvarnanews.com/feed/,
497afd43-c24a-44d8-ad19-b5394a742b3a,Sydney Morning Herald,https://www.smh.com.au/rss/feed.xml,AU,en,World,True,200,ok,https://www.smh.com.au/rss/feed.xml,"<?xml version=""1.0"" encoding=""utf-8""?> <rss version=""2.0"" xmlns:atom=""http://www.w3.org/2005/atom"" xmlns:dc=""http://purl.org/dc/elements/1.1"
42ea1449-47a5-4ddd-8a12-aeae25de94c1,Tamil The Hindu,https://www.hindutamil.in/feed,IN,ta,Politics,True,200,ok,https://www.hindutamil.in/stories.rss,"<rss version=""2.0"" xmlns:atom=""http://www.w3.org/2005/atom"" xmlns:content=""http://purl.org/rss/1.0/modules/content/"" xmlns:media=""http://sea"
40bf8cea-32f7-42ac-a351-91277570b77d,Telangana Today,https://telanganatoday.com/feed,IN,en,Local,True,200,ok,https://telanganatoday.com/feed,"<?xml version=""1.0"" encoding=""utf-8""?><rss version=""2.0"" xmlns:content=""http://purl.org/rss/1.0/modules/content/"" xmlns:wfw=""http://wellfo"
2d80c6d1-953b-4d3f-a12d-da352e8da4b4,Thanthi TV Tamil,https://www.thanthitv.com/feed/,IN,ta,World,True,200,ok,https://www.thanthitv.com/stories.rss,"<rss version=""2.0"" xmlns:atom=""http://www.w3.org/2005/atom"" xmlns:content=""http://purl.org/rss/1.0/modules/content/"" xmlns:media=""http://sea"
91d33f17-8bb2-466f-b285-52f302db4bbe,The Hindu,https://www.thehindu.com/news/feeder/default.rss,IN,en,World,True,200,ok,https://www.thehindu.com/news/feeder/default.rss,"<?xml version=""1.0"" encoding=""utf-8""?><rss xmlns:atom=""http://www.w3.org/2005/atom"" xmlns:media=""http://search.yahoo.com/mrss/"" version=""2.0"
c3e65f10-d842-490f-84dc-92cbeed4165c,The Hindu Business,https://www.thehindu.com/business/feeder/default.rss,IN,en,Business,True,200,ok,https://www.thehindu.com/business/feeder/default.rss,"<?xml version=""1.0"" encoding=""utf-8""?><rss xmlns:atom=""http://www.w3.org/2005/atom"" xmlns:media=""http://search.yahoo.com/mrss/"" version=""2.0"
fd4cdc69-baef-4a7d-ac42-a3947f03513b,The Hindu National,https://www.thehindu.com/news/national/feeder/default.rss,IN,en,Politics,True,200,ok,https://www.thehindu.com/news/national/feeder/default.rss,"<?xml version=""1.0"" encoding=""utf-8""?><rss xmlns:atom=""http://www.w3.org/2005/atom"" xmlns:media=""http://search.yahoo.com/mrss/"" version=""2.0"
78ae13d7-5fa1-4351-bbaf-87cff9436e5c,The News Minute Tamil,https://www.thenewsminute.com/tamil/feed,IN,ta,Politics,True,404,invalid_content,https://www.thenewsminute.com/tamil/feed,"<!doctype html> <html lang=""en"" dir=""ltr""> <head> <meta charset=""utf-8""/> <title>404 - page not found </title><link rel=""canonical"""
6b135d78-4c66-4e7c-98b0-68821d49eb12,The Shillong Times,https://theshillongtimes.com/feed/,IN,en,Local,True,200,ok,https://theshillongtimes.com/feed/,"<?xml version=""1.0"" encoding=""utf-8""?><rss version=""2.0"" xmlns:content=""http://purl.org/rss/1.0/modules/content/"" xmlns:wfw=""http://wellfo"
4f8d8b4c-d4aa-40fe-acdc-03a78b54cb15,Times of India Top,https://timesofindia.indiatimes.com/rssfeedstopstories.cms,IN,en,India,True,200,ok,https://timesofindia.indiatimes.com/rssfeedstopstories.cms,"<?xml version=""1.0"" encoding=""utf-8""?><rss xmlns:dc=""http://purl.org/dc/elements/1.1/"" xmlns:atom=""http://www.w3.org/2005/atom"" version=""2.0"
a280fe43-26c3-438d-9316-95ee15e92b85,Times of Israel,https://www.timesofisrael.com/feed/,IL,en,World,True,200,ok,https://www.timesofisrael.com/feed/,"<?xml version=""1.0"" encoding=""utf-8""?><rss version=""2.0"" xmlns:content=""http://purl.org/rss/1.0/modules/content/"" xmlns:wfw=""http://wellfo"
6852312d-912b-4736-821e-d9aa934dcb08,TOI India,https://timesofindia.indiatimes.com/rssfeeds/-2128936835.cms,IN,en,India,True,200,ok,https://timesofindia.indiatimes.com/rssfeeds/-2128936835.cms,"<?xml version=""1.0"" encoding=""utf-8""?><rss xmlns:atom=""http://www.w3.org/2005/atom"" version=""2.0""><channel><title>india news | latest india "
a9fb35a4-3ab5-4b43-91cf-1f04cb4811ee,Tribune Haryana,https://www.tribuneindia.com/rss/haryana,IN,en,Local,True,200,invalid_content,https://www.tribuneindia.com/rss/haryana,"<!doctype html><html lang=""en""><head><meta charset=""utf-8""><meta name=""viewport"" content=""width=device-width,initial-scale=1,maximum-scale=5"
caf57537-ad59-4eeb-af08-97e4c9ba5fc6,Tribune HP,https://www.tribuneindia.com/rss/himachal,IN,en,Local,True,200,invalid_content,https://www.tribuneindia.com/rss/himachal,"<!doctype html><html lang=""en""><head><meta charset=""utf-8""><meta name=""viewport"" content=""width=device-width,initial-scale=1,maximum-scale=5"
92d0d00d-8177-461d-aedd-6c2155f1c680,Tribune JK,https://www.tribuneindia.com/rss/jammu-kashmir,IN,en,Local,True,404,invalid_content,https://www.tribuneindia.com/rss/jammu-kashmir,"<html lang=""en""> <head> <title>page not found</title> <meta name=""viewport"" content=""width=device-width, i"
a0c7ac88-6d8e-4ad7-a47b-6cf56fdc13f2,Tribune Punjab,https://www.tribuneindia.com/rss/punjab,IN,en,Local,True,200,invalid_content,https://www.tribuneindia.com/rss/punjab,"<!doctype html><html lang=""en""><head><meta charset=""utf-8""><meta name=""viewport"" content=""width=device-width,initial-scale=1,maximum-scale=5"
4a362d1d-154a-4129-be0f-f44b625ff059,TV9 Gujarati,https://www.tv9gujarati.com/feed/,IN,gu,World,True,200,ok,https://tv9gujarati.com/feed,"<?xml version=""1.0"" encoding=""utf-8""?><rss version=""2.0"" xmlns:content=""http://purl.org/rss/1.0/modules/content/"" xmlns:dc=""http://purl."
c54d94f8-8347-44ba-bb37-833452c22a0a,TV9 Kannada,https://www.tv9kannada.com/feed/,IN,kn,World,True,200,ok,https://tv9kannada.com/feed,"<?xml version=""1.0"" encoding=""utf-8""?> <rss version=""2.0"" xmlns:content=""http://purl.org/rss/1.0/modules/content/"" xmlns:wfw=""http://wellf"
8c8a929e-0ce4-4d05-95e5-43b041827afa,TV9 Marathi,https://www.tv9marathi.com/feed/,IN,mr,World,True,200,ok,https://www.tv9marathi.com/feed,"<?xml version=""1.0"" encoding=""utf-8""?><rss version=""2.0"" xmlns:content=""http://purl.org/rss/1.0/modules/content/"" xmlns:wfw=""http://wellfo"
8bc7122c-30bc-42ea-b6a8-85a94d98b13a,TV9 Telugu,https://www.tv9telugu.com/feed,IN,te,Politics,True,200,ok,https://tv9telugu.com/feed,"<?xml version=""1.0"" encoding=""utf-8""?> <rss version=""2.0"" xmlns:content=""http://purl.org/rss/1.0/modules/content/"" xmlns:wfw=""http://we"
9142242e-c1c7-40a2-b75f-6a534c07bee5,Udayavani Kannada,https://www.udayavani.com/rss.xml,IN,kn,World,True,200,invalid_content,https://udayavani.com//rss.xml,"<!doctype html><html lang=""kn""><head><meta charset=""utf-8""/><meta name=""viewport"" content=""width=device-width, initial-scale=1, maximum-scal"
5a3eb75a-ef88-47b6-ad0c-04b54e1ccc44,V6 News Telugu,https://www.v6news.tv/feed/,IN,te,Politics,True,ERR,request_error,https://www.v6news.tv/feed/,"HTTPSConnectionPool(host='www.v6news.tv', port=443): Max retries exceeded with url: /feed/ (Caused by NameResolutionError(""<urllib3.connecti"
3d71db00-08b8-4d89-bc8b-b0a0aa19f2bd,Vanguard Nigeria,https://www.vanguardngr.com/feed/,NG,en,World,True,200,ok,https://www.vanguardngr.com/feed/,"<?xml version=""1.0"" encoding=""utf-8""?><rss version=""2.0"" xmlns:content=""http://purl.org/rss/1.0/modules/content/"" xmlns:wfw=""http://wellfo"
f5c6b7f6-3ce1-4a08-b655-b74415486769,Vijaya Karnataka Kannada,https://vijaykarnataka.com/rss.cms,IN,kn,Politics,True,200,invalid_content,https://vijaykarnataka.com,"<!doctype html><html lang=""kn""><head><meta charset=""utf-8""/><meta name=""viewport"" content=""width=device-width, initial-scale=1""/><link rel="""
940eb4f0-4f68-4742-b117-b97a69407d0d,Vikatan Tamil,https://www.vikatan.com/feed/,IN,ta,World,True,200,ok,https://www.vikatan.com/stories.rss,"<rss version=""2.0"" xmlns:atom=""http://www.w3.org/2005/atom"" xmlns:content=""http://purl.org/rss/1.0/modules/content/"" xmlns:media=""http://sea"
87fc6ce3-5bcc-4b39-b75f-489195a6c958,VNExpress,https://vnexpress.net/rss/tin-moi-nhat.rss,VN,vi,World,True,200,ok,https://vnexpress.net/rss/tin-moi-nhat.rss,"<?xml version=""1.0"" encoding=""utf-8""?> <rss version=""2.0""> <channel> <title>tin mới nhất - vnexpress rss</title> <description>vnex"
e67ca194-0e72-4c85-9ee7-68468737fe07,Washington Post World,https://feeds.washingtonpost.com/rss/world,US,en,World,True,200,ok,https://feeds.washingtonpost.com/rss/world,"<?xml version=""1.0"" encoding=""utf-8""?> <rss version=""2.0"" xmlns:atom=""http://www.w3.org/2005/atom"" xmlns:content=""http://purl.org/rss/1.0/mo"
29da21ad-637c-4289-affc-16b551b39fd8,Zee 24 Ghanta Bengali,https://zeenews.india.com/bengali/feed/,IN,bn,World,True,403,invalid_content,https://zeenews.india.com/bengali/feed/,"<html><head> <title>access denied</title> </head><body> <h1>access denied</h1> you don't have permission to access ""http&#58;&#47;&#47;zee"
